stress,time,HeartRate4sAverage0,HeartRate30sAverage0,HeartRate4sAverage1,HeartRate30sAverage1,HeartRate4sAverage2,HeartRate30sAverage2,HeartRate4sAverage3,HeartRate30sAverage3,HeartRate4sAverage4,HeartRate30sAverage4,HeartRate4sAverage5,HeartRate30sAverage5,HeartRate4sAverage6,HeartRate30sAverage6,HeartRate4sAverage7,HeartRate30sAverage7,HeartRate4sAverage8,HeartRate30sAverage8,HeartRate4sAverage9,HeartRate30sAverage9,HeartRate4sAverage10,HeartRate30sAverage10,HeartRate4sAverage11,HeartRate30sAverage11,HeartRate4sAverage12,HeartRate30sAverage12,HeartRate4sAverage13,HeartRate30sAverage13,HeartRate4sAverage14,HeartRate30sAverage14,HeartRate4sAverage15,HeartRate30sAverage15,HeartRate4sAverage16,HeartRate30sAverage16,HeartRate4sAverage17,HeartRate30sAverage17,HeartRate4sAverage18,HeartRate30sAverage18,HeartRate4sAverage19,HeartRate30sAverage19,HeartRate4sAverage20,HeartRate30sAverage20,HeartRate4sAverage21,HeartRate30sAverage21,HeartRate4sAverage22,HeartRate30sAverage22,HeartRate4sAverage23,HeartRate30sAverage23,HeartRate4sAverage24,HeartRate30sAverage24,HeartRate4sAverage25,HeartRate30sAverage25,HeartRate4sAverage26,HeartRate30sAverage26,HeartRate4sAverage27,HeartRate30sAverage27,HeartRate4sAverage28,HeartRate30sAverage28,HeartRate4sAverage29,HeartRate30sAverage29,HeartRate4sAverage30,HeartRate30sAverage30,HeartRate4sAverage31,HeartRate30sAverage31,HeartRate4sAverage32,HeartRate30sAverage32,HeartRate4sAverage33,HeartRate30sAverage33,HeartRate4sAverage34,HeartRate30sAverage34,HeartRate4sAverage35,HeartRate30sAverage35,HeartRate4sAverage36,HeartRate30sAverage36,HeartRate4sAverage37,HeartRate30sAverage37,HeartRate4sAverage38,HeartRate30sAverage38,HeartRate4sAverage39,HeartRate30sAverage39,HeartRate4sAverage40,HeartRate30sAverage40,HeartRate4sAverage41,HeartRate30sAverage41,HeartRate4sAverage42,HeartRate30sAverage42,HeartRate4sAverage43,HeartRate30sAverage43,HeartRate4sAverage44,HeartRate30sAverage44,HeartRate4sAverage45,HeartRate30sAverage45,HeartRate4sAverage46,HeartRate30sAverage46,HeartRate4sAverage47,HeartRate30sAverage47,HeartRate4sAverage48,HeartRate30sAverage48,HeartRate4sAverage49,HeartRate30sAverage49,HeartRate4sAverage50,HeartRate30sAverage50,HeartRate4sAverage51,HeartRate30sAverage51,HeartRate4sAverage52,HeartRate30sAverage52,HeartRate4sAverage53,HeartRate30sAverage53,HeartRate4sAverage54,HeartRate30sAverage54,HeartRate4sAverage55,HeartRate30sAverage55,HeartRate4sAverage56,HeartRate30sAverage56,HeartRate4sAverage57,HeartRate30sAverage57,HeartRate4sAverage58,HeartRate30sAverage58,HeartRate4sAverage59,HeartRate30sAverage59,HeartRate4sAverage60,HeartRate30sAverage60,HeartRate4sAverage61,HeartRate30sAverage61,HeartRate4sAverage62,HeartRate30sAverage62,HeartRate4sAverage63,HeartRate30sAverage63,HeartRate4sAverage64,HeartRate30sAverage64,HeartRate4sAverage65,HeartRate30sAverage65,HeartRate4sAverage66,HeartRate30sAverage66,HeartRate4sAverage67,HeartRate30sAverage67,HeartRate4sAverage68,HeartRate30sAverage68,HeartRate4sAverage69,HeartRate30sAverage69,HeartRate4sAverage70,HeartRate30sAverage70,HeartRate4sAverage71,HeartRate30sAverage71,HeartRate4sAverage72,HeartRate30sAverage72,HeartRate4sAverage73,HeartRate30sAverage73,HeartRate4sAverage74,HeartRate30sAverage74,HeartRate4sAverage75,HeartRate30sAverage75,HeartRate4sAverage76,HeartRate30sAverage76,HeartRate4sAverage77,HeartRate30sAverage77,HeartRate4sAverage78,HeartRate30sAverage78,HeartRate4sAverage79,HeartRate30sAverage79,HeartRate4sAverage80,HeartRate30sAverage80,HeartRate4sAverage81,HeartRate30sAverage81,HeartRate4sAverage82,HeartRate30sAverage82,HeartRate4sAverage83,HeartRate30sAverage83,HeartRate4sAverage84,HeartRate30sAverage84,HeartRate4sAverage85,HeartRate30sAverage85,HeartRate4sAverage86,HeartRate30sAverage86,HeartRate4sAverage87,HeartRate30sAverage87,HeartRate4sAverage88,HeartRate30sAverage88,HeartRate4sAverage89,HeartRate30sAverage89,HeartRate4sAverage90,HeartRate30sAverage90,HeartRate4sAverage91,HeartRate30sAverage91,HeartRate4sAverage92,HeartRate30sAverage92,HeartRate4sAverage93,HeartRate30sAverage93,HeartRate4sAverage94,HeartRate30sAverage94,HeartRate4sAverage95,HeartRate30sAverage95,HeartRate4sAverage96,HeartRate30sAverage96,HeartRate4sAverage97,HeartRate30sAverage97,HeartRate4sAverage98,HeartRate30sAverage98,HeartRate4sAverage99,HeartRate30sAverage99,HeartRate4sAverage100,HeartRate30sAverage100,HeartRate4sAverage101,HeartRate30sAverage101,HeartRate4sAverage102,HeartRate30sAverage102,HeartRate4sAverage103,HeartRate30sAverage103,HeartRate4sAverage104,HeartRate30sAverage104,HeartRate4sAverage105,HeartRate30sAverage105,HeartRate4sAverage106,HeartRate30sAverage106,HeartRate4sAverage107,HeartRate30sAverage107,HeartRate4sAverage108,HeartRate30sAverage108,HeartRate4sAverage109,HeartRate30sAverage109,HeartRate4sAverage110,HeartRate30sAverage110,HeartRate4sAverage111,HeartRate30sAverage111,HeartRate4sAverage112,HeartRate30sAverage112,HeartRate4sAverage113,HeartRate30sAverage113,HeartRate4sAverage114,HeartRate30sAverage114,HeartRate4sAverage115,HeartRate30sAverage115,HeartRate4sAverage116,HeartRate30sAverage116,HeartRate4sAverage117,HeartRate30sAverage117,HeartRate4sAverage118,HeartRate30sAverage118,HeartRate4sAverage119,HeartRate30sAverage119,HeartRate4sAverage120,HeartRate30sAverage120,HeartRate4sAverage121,HeartRate30sAverage121,HeartRate4sAverage122,HeartRate30sAverage122,HeartRate4sAverage123,HeartRate30sAverage123,HeartRate4sAverage124,HeartRate30sAverage124,HeartRate4sAverage125,HeartRate30sAverage125,HeartRate4sAverage126,HeartRate30sAverage126,HeartRate4sAverage127,HeartRate30sAverage127,HeartRate4sAverage128,HeartRate30sAverage128,HeartRate4sAverage129,HeartRate30sAverage129,HeartRate4sAverage130,HeartRate30sAverage130,HeartRate4sAverage131,HeartRate30sAverage131,HeartRate4sAverage132,HeartRate30sAverage132,HeartRate4sAverage133,HeartRate30sAverage133,HeartRate4sAverage134,HeartRate30sAverage134,HeartRate4sAverage135,HeartRate30sAverage135,HeartRate4sAverage136,HeartRate30sAverage136,HeartRate4sAverage137,HeartRate30sAverage137,HeartRate4sAverage138,HeartRate30sAverage138,HeartRate4sAverage139,HeartRate30sAverage139,HeartRate4sAverage140,HeartRate30sAverage140,HeartRate4sAverage141,HeartRate30sAverage141,HeartRate4sAverage142,HeartRate30sAverage142,HeartRate4sAverage143,HeartRate30sAverage143,HeartRate4sAverage144,HeartRate30sAverage144,HeartRate4sAverage145,HeartRate30sAverage145,HeartRate4sAverage146,HeartRate30sAverage146,HeartRate4sAverage147,HeartRate30sAverage147,HeartRate4sAverage148,HeartRate30sAverage148,HeartRate4sAverage149,HeartRate30sAverage149,HeartRate4sAverage150,HeartRate30sAverage150,HeartRate4sAverage151,HeartRate30sAverage151,HeartRate4sAverage152,HeartRate30sAverage152,HeartRate4sAverage153,HeartRate30sAverage153,HeartRate4sAverage154,HeartRate30sAverage154,HeartRate4sAverage155,HeartRate30sAverage155,HeartRate4sAverage156,HeartRate30sAverage156,HeartRate4sAverage157,HeartRate30sAverage157,HeartRate4sAverage158,HeartRate30sAverage158,HeartRate4sAverage159,HeartRate30sAverage159
0,30.281-35.321,73,74,73,74,73,74,73,74,73,74,73,74,73,74,73,74,73,74,73,74,73,74,73,74,73,74,73,74,73,74,73,74,73,74,73,74,73,74,73,74,73,74,73,74,73,74,73,74,73,74,73,74,72,74,72,74,72,74,72,74,72,74,72,74,72,74,72,74,72,74,72,74,72,74,72,74,72,74,72,74,72,74,72,74,72,74,72,74,72,74,72,74,72,74,72,74,72,74,72,74,72,74,72,74,72,74,72,73,72,73,72,73,72,73,72,73,72,73,72,73,72,73,72,73,72,73,72,73,72,73,72,73,72,73,72,73,72,73,72,73,72,73,72,73,72,73,72,73,72,73,72,73,72,73,72,73,72,73,72,73,72,72,72,72,72,72,72,72,72,72,72,72,72,72,72,72,72,72,72,72,72,72,72,72,72,72,72,72,72,72,72,72,72,72,72,72,72,72,72,72,72,72,72,72,72,72,72,72,72,72,72,72,72,72,72,72,72,72,72,72,72,72,72,72,72,72,72,72,72,72,72,72,72,72,72,72,72,72,72,72,72,72,72,72,72,72,72,72,72,72,72,72,72,72,72,72,72,72,72,72,72,72,72,72,72,72,72,72,70,72,70,72,70,72,70,72,70,72,70,72,70,72,70,72,70,72,70,72,70,72,70,72,70,72,70,72,70,72,70,72,70,72,70,72,70,72,70,72,70,72,70,72,70,72,70,72,70,72,70,72
0,32.802-37.837,72,72,72,72,72,72,72,72,72,72,72,72,72,72,72,72,72,72,72,72,72,72,72,72,72,72,72,72,72,72,72,72,72,72,72,72,72,72,72,72,72,72,72,72,72,72,72,72,72,72,72,72,72,72,72,72,72,72,72,72,72,72,72,72,72,72,72,72,72,72,72,72,72,72,72,72,72,72,72,72,72,72,72,72,72,72,72,72,72,72,72,72,72,72,72,72,72,72,72,72,72,72,72,72,72,72,72,72,70,72,70,72,70,72,70,72,70,72,70,72,70,72,70,72,70,72,70,72,70,72,70,72,70,72,70,72,70,72,70,72,70,72,70,72,70,72,70,72,70,72,70,72,70,72,70,72,70,72,70,72,70,72,70,72,70,72,66,70,66,70,66,70,66,70,66,70,66,70,66,70,66,70,66,70,66,70,66,70,66,70,66,70,66,70,66,70,66,70,66,70,66,70,66,70,66,70,66,70,66,70,66,70,66,70,66,70,66,70,66,70,66,70,66,70,66,68,66,68,66,68,66,68,66,68,66,68,66,68,66,68,66,68,66,68,66,68,66,68,66,68,66,68,66,68,66,68,66,68,66,68,66,68,66,68,66,68,66,68,66,68,66,68,66,68,66,68,66,68,66,68,66,68,66,67,66,67,66,67,66,67,66,67,66,67,66,67,66,67,66,67,66,67,66,67,66,67,66,67,66,67,66,67,66,67,66,67,66,67,66,67
0,35.321-40.347,70,72,70,72,70,72,66,70,66,70,66,70,66,70,66,70,66,70,66,70,66,70,66,70,66,70,66,70,66,70,66,70,66,70,66,70,66,70,66,70,66,70,66,70,66,70,66,70,66,70,66,70,66,70,66,70,66,70,66,70,66,70,66,70,66,68,66,68,66,68,66,68,66,68,66,68,66,68,66,68,66,68,66,68,66,68,66,68,66,68,66,68,66,68,66,68,66,68,66,68,66,68,66,68,66,68,66,68,66,68,66,68,66,68,66,68,66,68,66,68,66,68,66,67,66,67,66,67,66,67,66,67,66,67,66,67,66,67,66,67,66,67,66,67,66,67,66,67,66,67,66,67,66,67,66,67,66,67,66,67,66,67,66,67,66,67,66,67,66,67,66,67,66,67,66,67,66,67,66,67,67,66,67,66,67,66,67,66,67,66,67,66,67,66,67,66,67,66,67,66,67,66,67,66,67,66,67,66,67,66,67,66,67,66,67,66,67,66,67,66,67,66,67,66,67,66,67,66,67,66,67,66,67,66,67,66,68,67,68,67,68,67,68,67,68,67,68,67,68,67,68,67,68,67,68,67,68,67,68,67,68,67,68,67,68,67,68,67,68,67,68,67,68,67,68,67,68,67,68,67,68,67,68,67,68,67,68,67,68,67,72,68,72,68,72,68,72,68,72,68,72,68,72,68,72,68,72,68,72,68,72,68,72,68,72,68,72,68,72,68
0,37.837-42.86,66,67,66,67,66,67,66,67,66,67,66,67,66,67,66,67,66,67,66,67,67,66,67,66,67,66,67,66,67,66,67,66,67,66,67,66,67,66,67,66,67,66,67,66,67,66,67,66,67,66,67,66,67,66,67,66,67,66,67,66,67,66,67,66,67,66,67,66,67,66,67,66,67,66,67,66,68,67,68,67,68,67,68,67,68,67,68,67,68,67,68,67,68,67,68,67,68,67,68,67,68,67,68,67,68,67,68,67,68,67,68,67,68,67,68,67,68,67,68,67,68,67,68,67,68,67,68,67,68,67,72,68,72,68,72,68,72,68,72,68,72,68,72,68,72,68,72,68,72,68,72,68,72,68,72,68,72,68,72,68,72,68,72,68,72,68,72,68,72,68,72,68,72,68,72,68,72,68,72,68,72,68,72,70,72,70,72,70,72,70,72,70,72,70,72,70,72,70,72,70,72,70,72,70,72,70,72,70,72,70,72,70,72,70,72,70,72,70,72,70,72,70,72,70,72,70,72,70,72,70,72,70,72,70,72,70,72,70,71,71,71,71,71,71,71,71,71,71,71,71,71,71,71,71,71,71,71,71,71,71,71,71,71,71,71,71,71,71,71,71,71,71,71,71,71,71,71,71,71,71,71,71,71,71,71,71,71,71,76,73,76,73,76,73,76,73,76,73,76,73,76,73,76,73,76,73,76,73,76,73,76,73,76,73,76,73,76,73,76,73
0,40.347-45.385,72,68,72,68,72,68,72,68,72,68,72,68,72,68,72,68,72,68,72,68,72,68,72,70,72,70,72,70,72,70,72,70,72,70,72,70,72,70,72,70,72,70,72,70,72,70,72,70,72,70,72,70,72,70,72,70,72,70,72,70,72,70,72,70,72,70,72,70,72,70,72,70,72,70,72,70,72,70,71,71,71,71,71,71,71,71,71,71,71,71,71,71,71,71,71,71,71,71,71,71,71,71,71,71,71,71,71,71,71,71,71,71,71,71,71,71,71,71,71,71,71,71,71,71,71,71,71,71,76,73,76,73,76,73,76,73,76,73,76,73,76,73,76,73,76,73,76,73,76,73,76,73,76,73,76,73,76,73,76,73,76,73,76,73,76,73,76,73,76,73,76,73,76,73,76,73,76,73,76,73,75,74,75,74,75,74,75,74,75,74,75,74,75,74,75,74,75,74,75,74,75,74,75,74,75,74,75,74,75,74,75,74,75,74,75,74,75,74,75,74,75,74,75,74,75,74,75,74,75,74,75,74,75,74,69,73,69,73,69,73,69,73,69,73,69,73,69,73,69,73,69,73,69,73,69,73,69,73,69,73,69,73,69,73,69,73,69,73,69,73,69,73,69,73,69,73,69,73,69,73,69,73,69,73,69,73,69,73,69,73,69,73,67,72,67,72,67,72,67,72,67,72,67,72,67,72,67,72,67,72,67,72,67,72,67,72,67,72,67,72
0,42.86-47.888,76,73,76,73,76,73,76,73,76,73,76,73,76,73,76,73,76,73,76,73,75,74,75,74,75,74,75,74,75,74,75,74,75,74,75,74,75,74,75,74,75,74,75,74,75,74,75,74,75,74,75,74,75,74,75,74,75,74,75,74,75,74,75,74,75,74,75,74,75,74,75,74,75,74,69,73,69,73,69,73,69,73,69,73,69,73,69,73,69,73,69,73,69,73,69,73,69,73,69,73,69,73,69,73,69,73,69,73,69,73,69,73,69,73,69,73,69,73,69,73,69,73,69,73,69,73,69,73,69,73,69,73,67,72,67,72,67,72,67,72,67,72,67,72,67,72,67,72,67,72,67,72,67,72,67,72,67,72,67,72,67,72,67,72,67,72,67,72,67,72,67,72,67,72,67,72,67,72,67,72,67,72,67,72,67,72,67,72,67,72,65,69,65,69,65,69,65,69,65,69,65,69,65,69,65,69,65,69,65,69,65,69,65,69,65,69,65,69,65,69,65,69,65,69,65,69,65,69,65,69,65,69,65,69,65,69,65,69,65,69,65,69,65,69,65,69,65,69,65,69,65,69,65,69,62,66,62,66,62,66,62,66,62,66,62,66,62,66,62,66,62,66,62,66,62,66,62,66,62,66,62,66,62,66,62,66,62,66,62,66,62,66,62,66,62,66,62,66,62,66,62,66,62,66,62,66,62,66,62,66,62,66,62,66,64,64,64,64,64,64
0,45.385-50.399,67,72,67,72,67,72,67,72,67,72,67,72,67,72,67,72,67,72,67,72,67,72,67,72,67,72,67,72,67,72,65,69,65,69,65,69,65,69,65,69,65,69,65,69,65,69,65,69,65,69,65,69,65,69,65,69,65,69,65,69,65,69,65,69,65,69,65,69,65,69,65,69,65,69,65,69,65,69,65,69,65,69,65,69,65,69,65,69,65,69,65,69,65,69,62,66,62,66,62,66,62,66,62,66,62,66,62,66,62,66,62,66,62,66,62,66,62,66,62,66,62,66,62,66,62,66,62,66,62,66,62,66,62,66,62,66,62,66,62,66,62,66,62,66,62,66,62,66,62,66,62,66,62,66,64,64,64,64,64,64,64,64,64,64,64,64,64,64,64,64,64,64,64,64,64,64,64,64,64,64,64,64,64,64,64,64,64,64,64,64,64,64,64,64,64,64,64,64,64,64,64,64,64,64,64,64,64,64,64,64,64,64,64,64,65,64,65,64,65,64,65,64,65,64,65,64,65,64,65,64,65,64,65,64,65,64,65,64,65,64,65,64,65,64,65,64,65,64,65,64,65,64,65,64,65,64,65,64,65,64,65,64,65,64,65,64,65,64,65,64,65,64,66,64,66,64,66,64,66,64,66,64,66,64,66,64,66,64,66,64,66,64,66,64,66,64,66,64,66,64,66,64,66,64,66,64,66,64,66,64,66,64,66,64,66,64,66,64,66,64
0,47.888-52.912,64,64,64,64,64,64,64,64,64,64,64,64,64,64,64,64,64,64,64,64,64,64,64,64,64,64,64,64,64,64,64,64,64,64,64,64,64,64,64,64,64,64,64,64,64,64,64,64,64,64,64,64,64,64,65,64,65,64,65,64,65,64,65,64,65,64,65,64,65,64,65,64,65,64,65,64,65,64,65,64,65,64,65,64,65,64,65,64,65,64,65,64,65,64,65,64,65,64,65,64,65,64,65,64,65,64,65,64,65,64,65,64,66,64,66,64,66,64,66,64,66,64,66,64,66,64,66,64,66,64,66,64,66,64,66,64,66,64,66,64,66,64,66,64,66,64,66,64,66,64,66,64,66,64,66,64,66,64,66,64,66,64,66,64,66,64,66,64,66,64,66,65,66,65,66,65,66,65,66,65,66,65,66,65,66,65,66,65,66,65,66,65,66,65,66,65,66,65,66,65,66,65,66,65,66,65,66,65,66,65,66,65,66,65,66,65,66,65,66,65,66,65,66,65,66,65,66,65,67,66,67,66,67,66,67,66,67,66,67,66,67,66,67,66,67,66,67,66,67,66,67,66,67,66,67,66,67,66,67,66,67,66,67,66,67,66,67,66,67,66,67,66,67,66,67,66,67,66,67,66,67,66,67,66,67,66,67,66,67,66,67,66,67,66,67,66,67,66,67,66,67,66,67,66,67,66,67,66,67,66,67,66,67,66,67,66,67,66,67,66
0,50.399-55.422,66,64,66,64,66,64,66,64,66,64,66,65,66,65,66,65,66,65,66,65,66,65,66,65,66,65,66,65,66,65,66,65,66,65,66,65,66,65,66,65,66,65,66,65,66,65,66,65,66,65,66,65,66,65,66,65,66,65,66,65,66,65,66,65,66,65,66,65,67,66,67,66,67,66,67,66,67,66,67,66,67,66,67,66,67,66,67,66,67,66,67,66,67,66,67,66,67,66,67,66,67,66,67,66,67,66,67,66,67,66,67,66,67,66,67,66,67,66,67,66,67,66,67,66,67,66,67,66,67,66,67,66,67,66,67,66,67,66,67,66,67,66,67,66,67,66,67,66,67,66,67,66,67,66,67,66,67,66,67,66,67,66,67,66,67,66,67,66,67,66,67,66,67,66,67,66,67,66,67,66,67,66,67,66,66,66,66,66,66,66,66,66,66,66,66,66,66,66,66,66,66,66,66,66,66,66,66,66,66,66,66,66,66,66,66,66,66,66,66,66,66,66,66,66,66,66,66,66,66,66,66,66,66,66,66,66,66,66,66,66,66,66,67,67,67,67,67,67,67,67,67,67,67,67,67,67,67,67,67,67,67,67,67,67,67,67,67,67,67,67,67,67,67,67,67,67,67,67,67,67,67,67,67,67,67,67,67,67,67,67,67,67,67,67,67,67,70,68,70,68,70,68,70,68,70,68,70,68,70,68,70,68,70,68,70,68,70,68,70,68
0,52.912-57.935,67,66,67,66,67,66,67,66,67,66,67,66,67,66,67,66,67,66,67,66,67,66,67,66,66,66,66,66,66,66,66,66,66,66,66,66,66,66,66,66,66,66,66,66,66,66,66,66,66,66,66,66,66,66,66,66,66,66,66,66,66,66,66,66,66,66,66,66,66,66,66,66,66,66,66,66,66,66,66,66,66,66,67,67,67,67,67,67,67,67,67,67,67,67,67,67,67,67,67,67,67,67,67,67,67,67,67,67,67,67,67,67,67,67,67,67,67,67,67,67,67,67,67,67,67,67,67,67,67,67,67,67,67,67,67,67,70,68,70,68,70,68,70,68,70,68,70,68,70,68,70,68,70,68,70,68,70,68,70,68,70,68,70,68,70,68,70,68,70,68,70,68,70,68,70,68,70,68,70,68,70,68,70,68,70,68,70,68,70,68,70,68,70,68,70,68,70,68,70,68,70,68,70,68,70,68,70,68,70,68,70,68,70,68,70,68,70,68,70,68,70,68,70,68,70,68,70,68,70,68,70,68,70,68,70,68,70,68,70,68,70,68,70,68,70,68,69,69,69,69,69,69,69,69,69,69,69,69,69,69,69,69,69,69,69,69,69,69,69,69,69,69,69,69,69,69,69,69,69,69,69,69,69,69,69,69,69,69,69,69,69,69,69,69,69,69,69,69,69,69,69,69,69,69,67,69,67,69,67,69,67,69,67,69,67,69,67,69,67,69
0,55.422-60.437,70,68,70,68,70,68,70,68,70,68,70,68,70,68,70,68,70,68,70,68,70,68,70,68,70,68,70,68,70,68,70,68,70,68,70,68,70,68,70,68,70,68,70,68,70,68,70,68,70,68,70,68,70,68,70,68,70,68,70,68,70,68,70,68,70,68,70,68,70,68,70,68,70,68,70,68,70,68,70,68,70,68,70,68,70,68,69,69,69,69,69,69,69,69,69,69,69,69,69,69,69,69,69,69,69,69,69,69,69,69,69,69,69,69,69,69,69,69,69,69,69,69,69,69,69,69,69,69,69,69,69,69,69,69,69,69,69,69,69,69,69,69,69,69,67,69,67,69,67,69,67,69,67,69,67,69,67,69,67,69,67,69,67,69,67,69,67,69,67,69,67,69,67,69,67,69,67,69,67,69,67,69,67,69,67,69,67,69,67,69,67,69,67,69,67,69,67,69,67,69,67,69,67,69,64,68,64,68,64,68,64,68,64,68,64,68,64,68,64,68,64,68,64,68,64,68,64,68,64,68,64,68,64,68,64,68,64,68,64,68,64,68,64,68,64,68,64,68,64,68,64,68,64,68,64,68,64,68,64,68,64,68,64,68,64,68,62,66,62,66,62,66,62,66,62,66,62,66,62,66,62,66,62,66,62,66,62,66,62,66,62,66,62,66,62,66,62,66,62,66,62,66,62,66,62,66,62,66,62,66,62,66,62,66,62,66,62,66,62,66
0,57.935-62.943,67,69,67,69,67,69,67,69,67,69,67,69,67,69,67,69,67,69,67,69,67,69,67,69,67,69,67,69,67,69,67,69,67,69,67,69,67,69,67,69,67,69,67,69,64,68,64,68,64,68,64,68,64,68,64,68,64,68,64,68,64,68,64,68,64,68,64,68,64,68,64,68,64,68,64,68,64,68,64,68,64,68,64,68,64,68,64,68,64,68,64,68,64,68,64,68,64,68,64,68,64,68,64,68,64,68,62,66,62,66,62,66,62,66,62,66,62,66,62,66,62,66,62,66,62,66,62,66,62,66,62,66,62,66,62,66,62,66,62,66,62,66,62,66,62,66,62,66,62,66,62,66,62,66,62,66,62,66,62,66,62,66,62,66,62,66,62,66,62,64,62,64,62,64,62,64,62,64,62,64,62,64,62,64,62,64,62,64,62,64,62,64,62,64,62,64,62,64,62,64,62,64,62,64,62,64,62,64,62,64,62,64,62,64,62,64,62,64,62,64,62,64,62,64,62,64,67,64,67,64,67,64,67,64,67,64,67,64,67,64,67,64,67,64,67,64,67,64,67,64,67,64,67,64,67,64,67,64,67,64,67,64,67,64,67,64,67,64,67,64,67,64,67,64,67,64,67,64,67,64,67,64,68,65,68,65,68,65,68,65,68,65,68,65,68,65,68,65,68,65,68,65,68,65,68,65,68,65,68,65,68,65,68,65,68,65,68,65,68,65
0,60.437-65.47,62,66,62,66,62,66,62,66,62,64,62,64,62,64,62,64,62,64,62,64,62,64,62,64,62,64,62,64,62,64,62,64,62,64,62,64,62,64,62,64,62,64,62,64,62,64,62,64,62,64,62,64,62,64,62,64,62,64,62,64,62,64,62,64,62,64,67,64,67,64,67,64,67,64,67,64,67,64,67,64,67,64,67,64,67,64,67,64,67,64,67,64,67,64,67,64,67,64,67,64,67,64,67,64,67,64,67,64,67,64,67,64,67,64,67,64,67,64,67,64,67,64,68,65,68,65,68,65,68,65,68,65,68,65,68,65,68,65,68,65,68,65,68,65,68,65,68,65,68,65,68,65,68,65,68,65,68,65,68,65,68,65,68,65,68,65,68,65,68,65,68,65,68,65,68,65,68,65,68,65,67,66,67,66,67,66,67,66,67,66,67,66,67,66,67,66,67,66,67,66,67,66,67,66,67,66,67,66,67,66,67,66,67,66,67,66,67,66,67,66,67,66,67,66,67,66,67,66,67,66,67,66,67,66,67,66,68,68,68,68,68,68,68,68,68,68,68,68,68,68,68,68,68,68,68,68,68,68,68,68,68,68,68,68,68,68,68,68,68,68,68,68,68,68,68,68,68,68,68,68,68,68,68,68,68,68,68,68,68,68,71,68,71,68,71,68,71,68,71,68,71,68,71,68,71,68,71,68,71,68,71,68,71,68,71,68,71,68,71,68
0,62.943-67.983,68,65,68,65,68,65,68,65,68,65,68,65,68,65,68,65,68,65,68,65,67,66,67,66,67,66,67,66,67,66,67,66,67,66,67,66,67,66,67,66,67,66,67,66,67,66,67,66,67,66,67,66,67,66,67,66,67,66,67,66,67,66,67,66,67,66,67,66,67,66,67,66,67,66,67,66,68,68,68,68,68,68,68,68,68,68,68,68,68,68,68,68,68,68,68,68,68,68,68,68,68,68,68,68,68,68,68,68,68,68,68,68,68,68,68,68,68,68,68,68,68,68,68,68,68,68,68,68,68,68,71,68,71,68,71,68,71,68,71,68,71,68,71,68,71,68,71,68,71,68,71,68,71,68,71,68,71,68,71,68,71,68,71,68,71,68,71,68,71,68,71,68,71,68,71,68,71,68,71,68,71,68,73,70,73,70,73,70,73,70,73,70,73,70,73,70,73,70,73,70,73,70,73,70,73,70,73,70,73,70,73,70,73,70,73,70,73,70,73,70,73,70,73,70,73,70,73,70,73,70,73,70,75,72,75,72,75,72,75,72,75,72,75,72,75,72,75,72,75,72,75,72,75,72,75,72,75,72,75,72,75,72,75,72,75,72,75,72,75,72,75,72,75,72,75,72,75,72,75,72,75,72,75,72,75,72,72,73,72,73,72,73,72,73,72,73,72,73,72,73,72,73,72,73,72,73,72,73,72,73,72,73,72,73,72,73,72,73,72,73
0,65.47-70.493,71,68,71,68,71,68,71,68,71,68,71,68,71,68,71,68,71,68,71,68,71,68,73,70,73,70,73,70,73,70,73,70,73,70,73,70,73,70,73,70,73,70,73,70,73,70,73,70,73,70,73,70,73,70,73,70,73,70,73,70,73,70,73,70,73,70,73,70,73,70,73,70,75,72,75,72,75,72,75,72,75,72,75,72,75,72,75,72,75,72,75,72,75,72,75,72,75,72,75,72,75,72,75,72,75,72,75,72,75,72,75,72,75,72,75,72,75,72,75,72,75,72,75,72,75,72,72,73,72,73,72,73,72,73,72,73,72,73,72,73,72,73,72,73,72,73,72,73,72,73,72,73,72,73,72,73,72,73,72,73,72,73,72,73,72,73,72,73,72,73,72,73,72,73,72,73,72,73,72,73,72,73,70,72,70,72,70,72,70,72,70,72,70,72,70,72,70,72,70,72,70,72,70,72,70,72,70,72,70,72,70,72,70,72,70,72,70,72,70,72,70,72,70,72,70,72,70,72,70,72,70,72,70,72,70,72,70,72,71,72,71,72,71,72,71,72,71,72,71,72,71,72,71,72,71,72,71,72,71,72,71,72,71,72,71,72,71,72,71,72,71,72,71,72,71,72,71,72,71,72,71,72,71,72,71,72,71,72,71,72,71,71,71,71,71,71,71,71,71,71,71,71,71,71,71,71,71,71,71,71,71,71,71,71,71,71,71,71,71,71
0,67.983-73.06,72,73,72,73,72,73,72,73,72,73,72,73,72,73,72,73,72,73,72,73,72,73,70,72,70,72,70,72,70,72,70,72,70,72,70,72,70,72,70,72,70,72,70,72,70,72,70,72,70,72,70,72,70,72,70,72,70,72,70,72,70,72,70,72,70,72,70,72,70,72,70,72,70,72,70,72,70,72,71,72,71,72,71,72,71,72,71,72,71,72,71,72,71,72,71,72,71,72,71,72,71,72,71,72,71,72,71,72,71,72,71,72,71,72,71,72,71,72,71,72,71,72,71,72,71,72,71,72,71,72,71,71,71,71,71,71,71,71,71,71,71,71,71,71,71,71,71,71,71,71,71,71,71,71,71,71,71,71,71,71,71,71,71,71,71,71,71,71,71,71,71,71,71,71,71,71,71,71,71,71,71,71,71,71,70,70,70,70,70,70,70,70,70,70,70,70,70,70,70,70,70,70,70,70,70,70,70,70,70,70,70,70,70,70,70,70,70,70,70,70,70,70,70,70,70,70,70,70,70,70,70,70,70,70,70,70,72,71,72,71,72,71,72,71,72,71,72,71,72,71,72,71,72,71,72,71,72,71,72,71,72,71,72,71,72,71,72,71,72,71,72,71,72,71,72,71,72,71,72,71,72,71,72,71,72,71,72,71,74,72,74,72,74,72,74,72,74,72,74,72,74,72,74,72,74,72,74,72,74,72,74,72,74,72,74,72,74,72,74,72
0,70.493-75.606,71,71,71,71,71,71,71,71,71,71,71,71,71,71,71,71,71,71,71,71,71,71,71,71,70,70,70,70,70,70,70,70,70,70,70,70,70,70,70,70,70,70,70,70,70,70,70,70,70,70,70,70,70,70,70,70,70,70,70,70,70,70,70,70,70,70,70,70,70,70,70,70,70,70,70,70,72,71,72,71,72,71,72,71,72,71,72,71,72,71,72,71,72,71,72,71,72,71,72,71,72,71,72,71,72,71,72,71,72,71,72,71,72,71,72,71,72,71,72,71,72,71,72,71,72,71,72,71,74,72,74,72,74,72,74,72,74,72,74,72,74,72,74,72,74,72,74,72,74,72,74,72,74,72,74,72,74,72,74,72,74,72,74,72,74,72,74,72,74,72,74,72,74,72,74,72,75,73,75,73,75,73,75,73,75,73,75,73,75,73,75,73,75,73,75,73,75,73,75,73,75,73,75,73,75,73,75,73,75,73,75,73,75,73,75,73,75,73,75,73,75,73,75,73,75,73,75,73,77,74,77,74,77,74,77,74,77,74,77,74,77,74,77,74,77,74,77,74,77,74,77,74,77,74,77,74,77,74,77,74,77,74,77,74,77,74,77,74,77,74,77,74,77,74,77,74,77,76,77,76,77,76,77,76,77,76,77,76,77,76,77,76,77,76,77,76,77,76,77,76,77,76,77,76,77,76,77,76,77,76,77,76,77,76,77,76,77,76,77,76
0,73.06-78.113,74,72,74,72,74,72,74,72,74,72,74,72,74,72,74,72,75,73,75,73,75,73,75,73,75,73,75,73,75,73,75,73,75,73,75,73,75,73,75,73,75,73,75,73,75,73,75,73,75,73,75,73,75,73,75,73,75,73,75,73,75,73,75,73,75,73,75,73,77,74,77,74,77,74,77,74,77,74,77,74,77,74,77,74,77,74,77,74,77,74,77,74,77,74,77,74,77,74,77,74,77,74,77,74,77,74,77,74,77,74,77,74,77,74,77,74,77,76,77,76,77,76,77,76,77,76,77,76,77,76,77,76,77,76,77,76,77,76,77,76,77,76,77,76,77,76,77,76,77,76,77,76,77,76,77,76,77,76,77,76,77,76,77,76,79,77,79,77,79,77,79,77,79,77,79,77,79,77,79,77,79,77,79,77,79,77,79,77,79,77,79,77,79,77,79,77,79,77,79,77,79,77,79,77,79,77,79,77,79,77,79,77,79,77,80,78,80,78,80,78,80,78,80,78,80,78,80,78,80,78,80,78,80,78,80,78,80,78,80,78,80,78,80,78,80,78,80,78,80,78,80,78,80,78,80,78,80,78,80,78,83,80,83,80,83,80,83,80,83,80,83,80,83,80,83,80,83,80,83,80,83,80,83,80,83,80,83,80,83,80,83,80,83,80,83,80,83,80,83,80,83,80,83,80,83,80,84,82,84,82,84,82,84,82,84,82,84,82,84,82
0,75.606-80.611,77,76,77,76,79,77,79,77,79,77,79,77,79,77,79,77,79,77,79,77,79,77,79,77,79,77,79,77,79,77,79,77,79,77,79,77,79,77,79,77,79,77,79,77,79,77,79,77,79,77,79,77,79,77,80,78,80,78,80,78,80,78,80,78,80,78,80,78,80,78,80,78,80,78,80,78,80,78,80,78,80,78,80,78,80,78,80,78,80,78,80,78,80,78,80,78,80,78,80,78,83,80,83,80,83,80,83,80,83,80,83,80,83,80,83,80,83,80,83,80,83,80,83,80,83,80,83,80,83,80,83,80,83,80,83,80,83,80,83,80,83,80,83,80,83,80,84,82,84,82,84,82,84,82,84,82,84,82,84,82,84,82,84,82,84,82,84,82,84,82,84,82,84,82,84,82,84,82,84,82,84,82,84,82,84,82,84,82,84,82,84,82,84,83,84,83,84,83,84,83,84,83,84,83,84,83,84,83,84,83,84,83,84,83,84,83,84,83,84,83,84,83,84,83,84,83,84,83,84,83,84,83,84,83,84,83,84,83,84,83,84,83,78,82,78,82,78,82,78,82,78,82,78,82,78,82,78,82,78,82,78,82,78,82,78,82,78,82,78,82,78,82,78,82,78,82,78,82,78,82,78,82,78,82,78,82,78,82,78,82,79,81,79,81,79,81,79,81,79,81,79,81,79,81,79,81,79,81,79,81,79,81,79,81,79,81,79,81,79,81
0,78.113-83.127,84,82,84,82,84,82,84,82,84,82,84,82,84,82,84,82,84,82,84,82,84,82,84,82,84,82,84,82,84,82,84,82,84,83,84,83,84,83,84,83,84,83,84,83,84,83,84,83,84,83,84,83,84,83,84,83,84,83,84,83,84,83,84,83,84,83,84,83,84,83,84,83,84,83,84,83,84,83,84,83,84,83,78,82,78,82,78,82,78,82,78,82,78,82,78,82,78,82,78,82,78,82,78,82,78,82,78,82,78,82,78,82,78,82,78,82,78,82,78,82,78,82,78,82,78,82,78,82,78,82,79,81,79,81,79,81,79,81,79,81,79,81,79,81,79,81,79,81,79,81,79,81,79,81,79,81,79,81,79,81,79,81,79,81,79,81,79,81,79,81,79,81,79,81,79,81,79,81,79,81,79,81,77,80,77,80,77,80,77,80,77,80,77,80,77,80,77,80,77,80,77,80,77,80,77,80,77,80,77,80,77,80,77,80,77,80,77,80,77,80,77,80,77,80,77,80,77,80,77,80,77,80,74,77,74,77,74,77,74,77,74,77,74,77,74,77,74,77,74,77,74,77,74,77,74,77,74,77,74,77,74,77,74,77,74,77,74,77,74,77,74,77,74,77,74,77,74,77,74,77,74,77,76,76,76,76,76,76,76,76,76,76,76,76,76,76,76,76,76,76,76,76,76,76,76,76,76,76,76,76,76,76,76,76,76,76,76,76,76,76
0,80.611-85.693,79,81,79,81,79,81,79,81,79,81,79,81,79,81,79,81,79,81,79,81,79,81,77,80,77,80,77,80,77,80,77,80,77,80,77,80,77,80,77,80,77,80,77,80,77,80,77,80,77,80,77,80,77,80,77,80,77,80,77,80,77,80,77,80,77,80,77,80,77,80,77,80,74,77,74,77,74,77,74,77,74,77,74,77,74,77,74,77,74,77,74,77,74,77,74,77,74,77,74,77,74,77,74,77,74,77,74,77,74,77,74,77,74,77,74,77,74,77,74,77,74,77,76,76,76,76,76,76,76,76,76,76,76,76,76,76,76,76,76,76,76,76,76,76,76,76,76,76,76,76,76,76,76,76,76,76,76,76,76,76,76,76,76,76,76,76,76,76,76,76,79,76,79,76,79,76,79,76,79,76,79,76,79,76,79,76,79,76,79,76,79,76,79,76,79,76,79,76,79,76,79,76,79,76,79,76,79,76,79,76,79,76,79,76,79,76,79,76,82,78,82,78,82,78,82,78,82,78,82,78,82,78,82,78,82,78,82,78,82,78,82,78,82,78,82,78,82,78,82,78,82,78,82,78,82,78,82,78,82,78,86,81,86,81,86,81,86,81,86,81,86,81,86,81,86,81,86,81,86,81,86,81,86,81,86,81,86,81,86,81,86,81,86,81,86,81,86,81,86,81,86,81,89,84,89,84,89,84,89,84,89,84,89,84,89,84,89,84,89,84
0,83.127-88.19,76,76,76,76,76,76,76,76,76,76,79,76,79,76,79,76,79,76,79,76,79,76,79,76,79,76,79,76,79,76,79,76,79,76,79,76,79,76,79,76,79,76,79,76,79,76,79,76,79,76,79,76,79,76,79,76,79,76,82,78,82,78,82,78,82,78,82,78,82,78,82,78,82,78,82,78,82,78,82,78,82,78,82,78,82,78,82,78,82,78,82,78,82,78,82,78,82,78,82,78,86,81,86,81,86,81,86,81,86,81,86,81,86,81,86,81,86,81,86,81,86,81,86,81,86,81,86,81,86,81,86,81,86,81,86,81,86,81,86,81,86,81,89,84,89,84,89,84,89,84,89,84,89,84,89,84,89,84,89,84,89,84,89,84,89,84,89,84,89,84,89,84,89,84,89,84,89,84,89,84,89,84,89,84,89,84,89,84,89,84,89,84,89,84,89,84,89,84,89,84,89,84,64,80,64,80,64,80,64,80,64,80,64,80,64,80,64,80,64,80,64,80,64,80,64,80,64,80,64,80,64,80,64,80,64,80,64,80,64,80,64,80,64,80,64,80,64,80,64,80,64,80,64,80,64,80,64,80,64,80,68,77,68,77,68,77,68,77,68,77,68,77,68,77,68,77,68,77,68,77,68,77,68,77,68,77,68,77,68,77,68,77,68,77,68,77,68,77,68,77,68,77,68,77,68,77,68,77,68,77,68,77,68,77,68,77,69,72,69,72
0,85.693-90.662,89,84,89,84,89,84,89,84,89,84,89,84,89,84,89,84,89,84,89,84,89,84,89,84,89,84,89,84,89,84,89,84,89,84,89,84,89,84,89,84,89,84,64,80,64,80,64,80,64,80,64,80,64,80,64,80,64,80,64,80,64,80,64,80,64,80,64,80,64,80,64,80,64,80,64,80,64,80,64,80,64,80,64,80,64,80,64,80,64,80,64,80,64,80,64,80,64,80,64,80,68,77,68,77,68,77,68,77,68,77,68,77,68,77,68,77,68,77,68,77,68,77,68,77,68,77,68,77,68,77,68,77,68,77,68,77,68,77,68,77,68,77,68,77,68,77,68,77,68,77,68,77,68,77,68,77,69,72,69,72,69,72,69,72,69,72,69,72,69,72,69,72,69,72,69,72,69,72,69,72,69,72,69,72,69,72,69,72,69,72,69,72,69,72,69,72,69,72,69,72,69,72,69,72,69,72,69,72,69,72,73,68,73,68,73,68,73,68,73,68,73,68,73,68,73,68,73,68,73,68,73,68,73,68,73,68,73,68,73,68,73,68,73,68,73,68,73,68,73,68,73,68,73,68,73,68,73,68,73,68,73,68,73,68,72,70,72,70,72,70,72,70,72,70,72,70,72,70,72,70,72,70,72,70,72,70,72,70,72,70,72,70,72,70,72,70,72,70,72,70,72,70,72,70,72,70,72,70,72,70,72,70,72,70,72,70,75,72,75,72
0,88.19-93.178,69,72,69,72,69,72,69,72,69,72,69,72,69,72,69,72,69,72,69,72,69,72,69,72,69,72,69,72,69,72,69,72,69,72,69,72,69,72,69,72,69,72,69,72,69,72,69,72,69,72,73,68,73,68,73,68,73,68,73,68,73,68,73,68,73,68,73,68,73,68,73,68,73,68,73,68,73,68,73,68,73,68,73,68,73,68,73,68,73,68,73,68,73,68,73,68,73,68,73,68,73,68,73,68,72,70,72,70,72,70,72,70,72,70,72,70,72,70,72,70,72,70,72,70,72,70,72,70,72,70,72,70,72,70,72,70,72,70,72,70,72,70,72,70,72,70,72,70,72,70,72,70,72,70,72,70,75,72,75,72,75,72,75,72,75,72,75,72,75,72,75,72,75,72,75,72,75,72,75,72,75,72,75,72,75,72,75,72,75,72,75,72,75,72,75,72,75,72,75,72,75,72,75,72,75,72,75,72,75,72,72,73,72,73,72,73,72,73,72,73,72,73,72,73,72,73,72,73,72,73,72,73,72,73,72,73,72,73,72,73,72,73,72,73,72,73,72,73,72,73,72,73,72,73,72,73,72,73,72,73,72,73,73,73,73,73,73,73,73,73,73,73,73,73,73,73,73,73,73,73,73,73,73,73,73,73,73,73,73,73,73,73,73,73,73,73,73,73,73,73,73,73,73,73,73,73,73,73,73,73,73,73,73,73,73,73,70,72,70,72
0,90.662-95.69,75,72,75,72,75,72,75,72,75,72,75,72,75,72,75,72,75,72,75,72,75,72,75,72,75,72,75,72,75,72,75,72,75,72,75,72,75,72,75,72,75,72,75,72,75,72,75,72,75,72,72,73,72,73,72,73,72,73,72,73,72,73,72,73,72,73,72,73,72,73,72,73,72,73,72,73,72,73,72,73,72,73,72,73,72,73,72,73,72,73,72,73,72,73,72,73,72,73,72,73,72,73,73,73,73,73,73,73,73,73,73,73,73,73,73,73,73,73,73,73,73,73,73,73,73,73,73,73,73,73,73,73,73,73,73,73,73,73,73,73,73,73,73,73,73,73,73,73,73,73,73,73,73,73,73,73,70,72,70,72,70,72,70,72,70,72,70,72,70,72,70,72,70,72,70,72,70,72,70,72,70,72,70,72,70,72,70,72,70,72,70,72,70,72,70,72,70,72,70,72,70,72,70,72,70,72,70,72,70,72,70,72,69,71,69,71,69,71,69,71,69,71,69,71,69,71,69,71,69,71,69,71,69,71,69,71,69,71,69,71,69,71,69,71,69,71,69,71,69,71,69,71,69,71,69,71,69,71,69,71,69,71,69,71,69,71,69,71,70,70,70,70,70,70,70,70,70,70,70,70,70,70,70,70,70,70,70,70,70,70,70,70,70,70,70,70,70,70,70,70,70,70,70,70,70,70,70,70,70,70,70,70,70,70,70,70,70,70,70,70
0,93.178-98.186,70,72,70,72,70,72,70,72,70,72,70,72,70,72,70,72,70,72,70,72,70,72,70,72,70,72,70,72,70,72,70,72,70,72,70,72,70,72,70,72,70,72,70,72,70,72,70,72,70,72,70,72,69,71,69,71,69,71,69,71,69,71,69,71,69,71,69,71,69,71,69,71,69,71,69,71,69,71,69,71,69,71,69,71,69,71,69,71,69,71,69,71,69,71,69,71,69,71,69,71,69,71,69,71,69,71,69,71,70,70,70,70,70,70,70,70,70,70,70,70,70,70,70,70,70,70,70,70,70,70,70,70,70,70,70,70,70,70,70,70,70,70,70,70,70,70,70,70,70,70,70,70,70,70,70,70,70,70,70,70,70,70,70,70,68,69,68,69,68,69,68,69,68,69,68,69,68,69,68,69,68,69,68,69,68,69,68,69,68,69,68,69,68,69,68,69,68,69,68,69,68,69,68,69,68,69,68,69,68,69,68,69,68,69,68,69,68,69,68,69,68,69,65,68,65,68,65,68,65,68,65,68,65,68,65,68,65,68,65,68,65,68,65,68,65,68,65,68,65,68,65,68,65,68,65,68,65,68,65,68,65,68,65,68,65,68,65,68,65,68,65,68,65,68,65,68,65,68,65,68,69,68,69,68,69,68,69,68,69,68,69,68,69,68,69,68,69,68,69,68,69,68,69,68,69,68,69,68,69,68,69,68,69,68,69,68,69,68,69,68
0,95.69-100.698,70,70,70,70,68,69,68,69,68,69,68,69,68,69,68,69,68,69,68,69,68,69,68,69,68,69,68,69,68,69,68,69,68,69,68,69,68,69,68,69,68,69,68,69,68,69,68,69,68,69,68,69,68,69,68,69,68,69,68,69,68,69,65,68,65,68,65,68,65,68,65,68,65,68,65,68,65,68,65,68,65,68,65,68,65,68,65,68,65,68,65,68,65,68,65,68,65,68,65,68,65,68,65,68,65,68,65,68,65,68,65,68,65,68,65,68,65,68,65,68,69,68,69,68,69,68,69,68,69,68,69,68,69,68,69,68,69,68,69,68,69,68,69,68,69,68,69,68,69,68,69,68,69,68,69,68,69,68,69,68,69,68,69,68,69,68,69,68,69,68,69,68,69,68,71,68,71,68,71,68,71,68,71,68,71,68,71,68,71,68,71,68,71,68,71,68,71,68,71,68,71,68,71,68,71,68,71,68,71,68,71,68,71,68,71,68,71,68,71,68,71,68,71,68,75,70,75,70,75,70,75,70,75,70,75,70,75,70,75,70,75,70,75,70,75,70,75,70,75,70,75,70,75,70,75,70,75,70,75,70,75,70,75,70,75,70,75,70,75,70,75,70,75,70,75,70,75,70,75,70,69,71,69,71,69,71,69,71,69,71,69,71,69,71,69,71,69,71,69,71,69,71,69,71,69,71,69,71,69,71,69,71,69,71,69,71,69,71,69,71
0,98.186-103.207,69,68,69,68,69,68,69,68,69,68,69,68,69,68,71,68,71,68,71,68,71,68,71,68,71,68,71,68,71,68,71,68,71,68,71,68,71,68,71,68,71,68,71,68,71,68,71,68,71,68,71,68,71,68,71,68,71,68,71,68,71,68,71,68,75,70,75,70,75,70,75,70,75,70,75,70,75,70,75,70,75,70,75,70,75,70,75,70,75,70,75,70,75,70,75,70,75,70,75,70,75,70,75,70,75,70,75,70,75,70,75,70,75,70,75,70,75,70,75,70,69,71,69,71,69,71,69,71,69,71,69,71,69,71,69,71,69,71,69,71,69,71,69,71,69,71,69,71,69,71,69,71,69,71,69,71,69,71,69,71,69,71,69,71,69,71,69,71,69,71,69,71,69,71,69,71,69,71,69,71,69,71,69,71,69,71,69,71,69,71,69,71,69,71,69,71,69,71,69,71,69,71,69,71,69,71,69,71,69,71,69,71,69,71,69,71,69,71,69,71,69,71,69,71,69,71,69,71,69,71,69,71,69,70,69,70,69,70,69,70,69,70,69,70,69,70,69,70,69,70,69,70,69,70,69,70,69,70,69,70,69,70,69,70,69,70,69,70,69,70,69,70,69,70,69,70,69,70,69,70,69,70,69,70,69,70,69,70,70,69,70,69,70,69,70,69,70,69,70,69,70,69,70,69,70,69,70,69,70,69,70,69,70,69,70,69,70,69,70,69
0,100.698-105.709,69,71,69,71,69,71,69,71,69,71,69,71,69,71,69,71,69,71,69,71,69,71,69,71,69,71,69,71,69,71,69,71,69,71,69,71,69,71,69,71,69,71,69,71,69,71,69,71,69,71,69,71,69,71,69,71,69,71,69,71,69,71,69,71,69,71,69,71,69,71,69,71,69,70,69,70,69,70,69,70,69,70,69,70,69,70,69,70,69,70,69,70,69,70,69,70,69,70,69,70,69,70,69,70,69,70,69,70,69,70,69,70,69,70,69,70,69,70,69,70,69,70,69,70,69,70,69,70,70,69,70,69,70,69,70,69,70,69,70,69,70,69,70,69,70,69,70,69,70,69,70,69,70,69,70,69,70,69,70,69,70,69,70,69,70,69,70,69,70,69,70,69,70,69,70,69,70,69,70,69,70,69,70,69,68,69,68,69,68,69,68,69,68,69,68,69,68,69,68,69,68,69,68,69,68,69,68,69,68,69,68,69,68,69,68,69,68,69,68,69,68,69,68,69,68,69,68,69,68,69,68,69,68,69,68,69,68,69,68,69,68,69,68,69,68,69,68,69,68,69,68,69,68,69,68,69,68,69,68,69,68,69,68,69,68,69,68,69,68,69,68,69,68,69,68,69,68,69,68,69,68,69,68,69,68,69,68,69,68,69,68,69,68,69,68,69,68,69,69,69,69,69,69,69,69,69,69,69,69,69,69,69,69,69,69,69,69,69,69,69
0,103.207-108.227,70,69,70,69,70,69,70,69,70,69,70,69,70,69,70,69,70,69,70,69,70,69,70,69,68,69,68,69,68,69,68,69,68,69,68,69,68,69,68,69,68,69,68,69,68,69,68,69,68,69,68,69,68,69,68,69,68,69,68,69,68,69,68,69,68,69,68,69,68,69,68,69,68,69,68,69,68,69,68,69,68,69,68,69,68,69,68,69,68,69,68,69,68,69,68,69,68,69,68,69,68,69,68,69,68,69,68,69,68,69,68,69,68,69,68,69,68,69,68,69,68,69,68,69,68,69,68,69,68,69,68,69,68,69,68,69,68,69,69,69,69,69,69,69,69,69,69,69,69,69,69,69,69,69,69,69,69,69,69,69,69,69,69,69,69,69,69,69,69,69,69,69,69,69,69,69,69,69,69,69,69,69,69,69,69,69,69,69,69,69,72,69,72,69,72,69,72,69,72,69,72,69,72,69,72,69,72,69,72,69,72,69,72,69,72,69,72,69,72,69,72,69,72,69,72,69,72,69,72,69,72,69,72,69,72,69,72,69,80,72,80,72,80,72,80,72,80,72,80,72,80,72,80,72,80,72,80,72,80,72,80,72,80,72,80,72,80,72,80,72,80,72,80,72,80,72,80,72,80,72,80,72,80,72,80,72,82,76,82,76,82,76,82,76,82,76,82,76,82,76,82,76,82,76,82,76,82,76,82,76,82,76,82,76,82,76,82,76,82,76
0,105.709-110.735,69,69,69,69,69,69,69,69,69,69,69,69,69,69,69,69,69,69,69,69,69,69,69,69,69,69,69,69,69,69,72,69,72,69,72,69,72,69,72,69,72,69,72,69,72,69,72,69,72,69,72,69,72,69,72,69,72,69,72,69,72,69,72,69,72,69,72,69,72,69,72,69,72,69,72,69,72,69,80,72,80,72,80,72,80,72,80,72,80,72,80,72,80,72,80,72,80,72,80,72,80,72,80,72,80,72,80,72,80,72,80,72,80,72,80,72,80,72,80,72,80,72,80,72,80,72,82,76,82,76,82,76,82,76,82,76,82,76,82,76,82,76,82,76,82,76,82,76,82,76,82,76,82,76,82,76,82,76,82,76,82,76,82,76,82,76,82,76,82,76,82,76,82,76,81,79,81,79,81,79,81,79,81,79,81,79,81,79,81,79,81,79,81,79,81,79,81,79,81,79,81,79,81,79,81,79,81,79,81,79,81,79,81,79,81,79,81,79,84,82,84,82,84,82,84,82,84,82,84,82,84,82,84,82,84,82,84,82,84,82,84,82,84,82,84,82,84,82,84,82,84,82,84,82,84,82,84,82,84,82,84,82,84,82,85,83,85,83,85,83,85,83,85,83,85,83,85,83,85,83,85,83,85,83,85,83,85,83,85,83,85,83,85,83,85,83,85,83,85,83,85,83,85,83,85,83,85,83,86,84,86,84,86,84,86,84,86,84,86,84
0,108.227-113.241,82,76,82,76,82,76,82,76,82,76,82,76,82,76,81,79,81,79,81,79,81,79,81,79,81,79,81,79,81,79,81,79,81,79,81,79,81,79,81,79,81,79,81,79,81,79,81,79,81,79,81,79,81,79,81,79,81,79,84,82,84,82,84,82,84,82,84,82,84,82,84,82,84,82,84,82,84,82,84,82,84,82,84,82,84,82,84,82,84,82,84,82,84,82,84,82,84,82,84,82,84,82,84,82,85,83,85,83,85,83,85,83,85,83,85,83,85,83,85,83,85,83,85,83,85,83,85,83,85,83,85,83,85,83,85,83,85,83,85,83,85,83,85,83,85,83,85,83,86,84,86,84,86,84,86,84,86,84,86,84,86,84,86,84,86,84,86,84,86,84,86,84,86,84,86,84,86,84,86,84,86,84,86,84,86,84,86,84,86,84,86,84,88,86,88,86,88,86,88,86,88,86,88,86,88,86,88,86,88,86,88,86,88,86,88,86,88,86,88,86,88,86,88,86,88,86,88,86,88,86,88,86,88,86,91,88,91,88,91,88,91,88,91,88,91,88,91,88,91,88,91,88,91,88,91,88,91,88,91,88,91,88,91,88,91,88,91,88,91,88,91,88,91,88,91,88,91,88,91,88,91,88,82,87,82,87,82,87,82,87,82,87,82,87,82,87,82,87,82,87,82,87,82,87,82,87,82,87,82,87,82,87,82,87,82,87,82,87,82,87
0,110.735-115.754,86,84,86,84,86,84,86,84,86,84,86,84,86,84,86,84,86,84,86,84,86,84,86,84,86,84,86,84,86,84,86,84,88,86,88,86,88,86,88,86,88,86,88,86,88,86,88,86,88,86,88,86,88,86,88,86,88,86,88,86,88,86,88,86,88,86,88,86,88,86,88,86,88,86,91,88,91,88,91,88,91,88,91,88,91,88,91,88,91,88,91,88,91,88,91,88,91,88,91,88,91,88,91,88,91,88,91,88,91,88,91,88,91,88,91,88,91,88,91,88,91,88,82,87,82,87,82,87,82,87,82,87,82,87,82,87,82,87,82,87,82,87,82,87,82,87,82,87,82,87,82,87,82,87,82,87,82,87,82,87,82,87,82,87,82,87,82,87,82,86,82,86,82,86,82,86,82,86,82,86,82,86,82,86,82,86,82,86,82,86,82,86,82,86,82,86,82,86,82,86,82,86,82,86,82,86,82,86,82,86,82,86,82,86,82,86,81,84,81,84,81,84,81,84,81,84,81,84,81,84,81,84,81,84,81,84,81,84,81,84,81,84,81,84,81,84,81,84,81,84,81,84,81,84,81,84,81,84,81,84,81,84,81,84,81,84,77,80,77,80,77,80,77,80,77,80,77,80,77,80,77,80,77,80,77,80,77,80,77,80,77,80,77,80,77,80,77,80,77,80,77,80,77,80,77,80,77,80,77,80,77,80,77,80,77,80,77,80,74,78
0,113.241-118.267,82,87,82,87,82,87,82,87,82,86,82,86,82,86,82,86,82,86,82,86,82,86,82,86,82,86,82,86,82,86,82,86,82,86,82,86,82,86,82,86,82,86,82,86,82,86,82,86,82,86,82,86,82,86,82,86,81,84,81,84,81,84,81,84,81,84,81,84,81,84,81,84,81,84,81,84,81,84,81,84,81,84,81,84,81,84,81,84,81,84,81,84,81,84,81,84,81,84,81,84,81,84,81,84,81,84,77,80,77,80,77,80,77,80,77,80,77,80,77,80,77,80,77,80,77,80,77,80,77,80,77,80,77,80,77,80,77,80,77,80,77,80,77,80,77,80,77,80,77,80,77,80,77,80,77,80,77,80,74,78,74,78,74,78,74,78,74,78,74,78,74,78,74,78,74,78,74,78,74,78,74,78,74,78,74,78,74,78,74,78,74,78,74,78,74,78,74,78,74,78,74,78,74,78,74,78,74,78,74,78,75,77,75,77,75,77,75,77,75,77,75,77,75,77,75,77,75,77,75,77,75,77,75,77,75,77,75,77,75,77,75,77,75,77,75,77,75,77,75,77,75,77,75,77,75,77,75,77,75,77,75,77,74,75,74,75,74,75,74,75,74,75,74,75,74,75,74,75,74,75,74,75,74,75,74,75,74,75,74,75,74,75,74,75,74,75,74,75,74,75,74,75,74,75,74,75,74,75,74,75,74,75,74,75,74,74,74,74,74,74
0,115.754-120.785,74,78,74,78,74,78,74,78,74,78,74,78,74,78,74,78,74,78,74,78,74,78,74,78,74,78,74,78,74,78,74,78,74,78,74,78,74,78,74,78,74,78,74,78,74,78,74,78,74,78,75,77,75,77,75,77,75,77,75,77,75,77,75,77,75,77,75,77,75,77,75,77,75,77,75,77,75,77,75,77,75,77,75,77,75,77,75,77,75,77,75,77,75,77,75,77,75,77,75,77,75,77,74,75,74,75,74,75,74,75,74,75,74,75,74,75,74,75,74,75,74,75,74,75,74,75,74,75,74,75,74,75,74,75,74,75,74,75,74,75,74,75,74,75,74,75,74,75,74,75,74,75,74,75,74,74,74,74,74,74,74,74,74,74,74,74,74,74,74,74,74,74,74,74,74,74,74,74,74,74,74,74,74,74,74,74,74,74,74,74,74,74,74,74,74,74,74,74,74,74,74,74,74,74,77,75,77,75,77,75,77,75,77,75,77,75,77,75,77,75,77,75,77,75,77,75,77,75,77,75,77,75,77,75,77,75,77,75,77,75,77,75,77,75,77,75,77,75,77,75,82,77,82,77,82,77,82,77,82,77,82,77,82,77,82,77,82,77,82,77,82,77,82,77,82,77,82,77,82,77,82,77,82,77,82,77,82,77,82,77,82,77,82,77,82,77,83,79,83,79,83,79,83,79,83,79,83,79,83,79,83,79,83,79,83,79,83,79,83,79
0,118.267-123.294,74,74,74,74,74,74,74,74,74,74,74,74,74,74,74,74,74,74,74,74,74,74,74,74,74,74,74,74,74,74,74,74,74,74,74,74,74,74,74,74,74,74,74,74,77,75,77,75,77,75,77,75,77,75,77,75,77,75,77,75,77,75,77,75,77,75,77,75,77,75,77,75,77,75,77,75,77,75,77,75,77,75,77,75,77,75,77,75,77,75,82,77,82,77,82,77,82,77,82,77,82,77,82,77,82,77,82,77,82,77,82,77,82,77,82,77,82,77,82,77,82,77,82,77,82,77,82,77,82,77,82,77,82,77,82,77,83,79,83,79,83,79,83,79,83,79,83,79,83,79,83,79,83,79,83,79,83,79,83,79,83,79,83,79,83,79,83,79,83,79,83,79,83,79,83,79,83,79,85,82,85,82,85,82,85,82,85,82,85,82,85,82,85,82,85,82,85,82,85,82,85,82,85,82,85,82,85,82,85,82,85,82,85,82,85,82,85,82,85,82,85,82,85,82,85,82,85,84,85,84,85,84,85,84,85,84,85,84,85,84,85,84,85,84,85,84,85,84,85,84,85,84,85,84,85,84,85,84,85,84,85,84,85,84,85,84,85,84,85,84,85,84,85,84,79,83,79,83,79,83,79,83,79,83,79,83,79,83,79,83,79,83,79,83,79,83,79,83,79,83,79,83,79,83,79,83,79,83,79,83,79,83,79,83,79,83,79,83,79,83
0,120.785-125.807,83,79,83,79,83,79,83,79,83,79,83,79,83,79,83,79,83,79,85,82,85,82,85,82,85,82,85,82,85,82,85,82,85,82,85,82,85,82,85,82,85,82,85,82,85,82,85,82,85,82,85,82,85,82,85,82,85,82,85,82,85,82,85,82,85,82,85,84,85,84,85,84,85,84,85,84,85,84,85,84,85,84,85,84,85,84,85,84,85,84,85,84,85,84,85,84,85,84,85,84,85,84,85,84,85,84,85,84,85,84,85,84,85,84,79,83,79,83,79,83,79,83,79,83,79,83,79,83,79,83,79,83,79,83,79,83,79,83,79,83,79,83,79,83,79,83,79,83,79,83,79,83,79,83,79,83,79,83,79,83,79,83,79,83,79,83,79,83,72,80,72,80,72,80,72,80,72,80,72,80,72,80,72,80,72,80,72,80,72,80,72,80,72,80,72,80,72,80,72,80,72,80,72,80,72,80,72,80,72,80,72,80,72,80,72,80,72,80,72,80,72,80,71,77,71,77,71,77,71,77,71,77,71,77,71,77,71,77,71,77,71,77,71,77,71,77,71,77,71,77,71,77,71,77,71,77,71,77,71,77,71,77,71,77,71,77,71,77,71,77,71,77,71,77,71,77,72,74,72,74,72,74,72,74,72,74,72,74,72,74,72,74,72,74,72,74,72,74,72,74,72,74,72,74,72,74,72,74,72,74,72,74,72,74,72,74,72,74,72,74
1,123.294-128.309,79,83,79,83,79,83,79,83,72,80,72,80,72,80,72,80,72,80,72,80,72,80,72,80,72,80,72,80,72,80,72,80,72,80,72,80,72,80,72,80,72,80,72,80,72,80,72,80,72,80,72,80,72,80,72,80,72,80,72,80,72,80,71,77,71,77,71,77,71,77,71,77,71,77,71,77,71,77,71,77,71,77,71,77,71,77,71,77,71,77,71,77,71,77,71,77,71,77,71,77,71,77,71,77,71,77,71,77,71,77,71,77,71,77,71,77,72,74,72,74,72,74,72,74,72,74,72,74,72,74,72,74,72,74,72,74,72,74,72,74,72,74,72,74,72,74,72,74,72,74,72,74,72,74,72,74,72,74,72,74,72,74,83,74,83,74,83,74,83,74,83,74,83,74,83,74,83,74,83,74,83,74,83,74,83,74,83,74,83,74,83,74,83,74,83,74,83,74,83,74,101,82,101,82,101,82,101,82,101,82,101,82,101,82,101,82,101,82,101,82,101,82,101,82,101,82,101,82,101,82,101,82,101,82,101,82,101,82,101,82,101,82,101,82,89,86,89,86,89,86,89,86,89,86,89,86,89,86,89,86,89,86,89,86,89,86,89,86,89,86,89,86,89,86,89,86,89,86,89,86,89,86,89,86,89,86,93,92,93,92,93,92,93,92,93,92,93,92,93,92,93,92,93,92,93,92,93,92,93,92,93,92,93,92,93,92,93,92,93,92
0,125.807-130.816,72,74,83,74,83,74,83,74,83,74,83,74,83,74,83,74,83,74,83,74,83,74,83,74,83,74,83,74,83,74,83,74,83,74,83,74,83,74,83,74,101,82,101,82,101,82,101,82,101,82,101,82,101,82,101,82,101,82,101,82,101,82,101,82,101,82,101,82,101,82,101,82,101,82,101,82,101,82,101,82,101,82,101,82,89,86,89,86,89,86,89,86,89,86,89,86,89,86,89,86,89,86,89,86,89,86,89,86,89,86,89,86,89,86,89,86,89,86,89,86,89,86,89,86,89,86,93,92,93,92,93,92,93,92,93,92,93,92,93,92,93,92,93,92,93,92,93,92,93,92,93,92,93,92,93,92,93,92,93,92,93,92,93,92,93,92,93,92,93,92,93,92,82,91,82,91,82,91,82,91,82,91,82,91,82,91,82,91,82,91,82,91,82,91,82,91,82,91,82,91,82,91,82,91,82,91,82,91,82,91,82,91,82,91,82,91,82,91,82,91,82,91,79,86,79,86,79,86,79,86,79,86,79,86,79,86,79,86,79,86,79,86,79,86,79,86,79,86,79,86,79,86,79,86,79,86,79,86,79,86,79,86,79,86,79,86,79,86,79,86,79,86,75,82,75,82,75,82,75,82,75,82,75,82,75,82,75,82,75,82,75,82,75,82,75,82,75,82,75,82,75,82,75,82,75,82,75,82,75,82,75,82,75,82,75,82,75,82,75,82
0,128.309-133.328,93,92,93,92,93,92,93,92,93,92,93,92,82,91,82,91,82,91,82,91,82,91,82,91,82,91,82,91,82,91,82,91,82,91,82,91,82,91,82,91,82,91,82,91,82,91,82,91,82,91,82,91,82,91,82,91,82,91,82,91,82,91,79,86,79,86,79,86,79,86,79,86,79,86,79,86,79,86,79,86,79,86,79,86,79,86,79,86,79,86,79,86,79,86,79,86,79,86,79,86,79,86,79,86,79,86,79,86,79,86,79,86,75,82,75,82,75,82,75,82,75,82,75,82,75,82,75,82,75,82,75,82,75,82,75,82,75,82,75,82,75,82,75,82,75,82,75,82,75,82,75,82,75,82,75,82,75,82,75,82,75,82,75,82,75,78,75,78,75,78,75,78,75,78,75,78,75,78,75,78,75,78,75,78,75,78,75,78,75,78,75,78,75,78,75,78,75,78,75,78,75,78,75,78,75,78,75,78,75,78,75,78,75,78,75,78,74,76,74,76,74,76,74,76,74,76,74,76,74,76,74,76,74,76,74,76,74,76,74,76,74,76,74,76,74,76,74,76,74,76,74,76,74,76,74,76,74,76,74,76,74,76,74,76,74,76,74,76,75,75,75,75,75,75,75,75,75,75,75,75,75,75,75,75,75,75,75,75,75,75,75,75,75,75,75,75,75,75,75,75,75,75,75,75,75,75,75,75,75,75,75,75,75,75,75,75,75,75,75,75
0,130.816-135.837,75,82,75,82,75,78,75,78,75,78,75,78,75,78,75,78,75,78,75,78,75,78,75,78,75,78,75,78,75,78,75,78,75,78,75,78,75,78,75,78,75,78,75,78,75,78,75,78,75,78,75,78,75,78,75,78,74,76,74,76,74,76,74,76,74,76,74,76,74,76,74,76,74,76,74,76,74,76,74,76,74,76,74,76,74,76,74,76,74,76,74,76,74,76,74,76,74,76,74,76,74,76,74,76,74,76,74,76,75,75,75,75,75,75,75,75,75,75,75,75,75,75,75,75,75,75,75,75,75,75,75,75,75,75,75,75,75,75,75,75,75,75,75,75,75,75,75,75,75,75,75,75,75,75,75,75,75,75,75,75,75,75,75,75,75,75,75,75,75,75,75,75,75,75,75,75,75,75,75,75,75,75,75,75,75,75,75,75,75,75,75,75,75,75,75,75,75,75,75,75,75,75,75,75,75,75,75,75,75,75,75,75,75,75,75,75,75,75,75,75,75,75,75,75,75,75,75,75,75,75,75,75,75,75,75,75,75,75,75,75,75,75,75,75,75,75,75,75,75,75,75,75,75,75,75,75,86,78,86,78,86,78,86,78,86,78,86,78,86,78,86,78,86,78,86,78,86,78,86,78,86,78,86,78,86,78,86,78,86,78,86,78,86,78,86,78,95,83,95,83,95,83,95,83,95,83,95,83,95,83,95,83,95,83,95,83,95,83,95,83
1,133.328-138.347,75,75,75,75,75,75,75,75,75,75,75,75,75,75,75,75,75,75,75,75,75,75,75,75,75,75,75,75,75,75,75,75,75,75,75,75,75,75,75,75,75,75,75,75,75,75,75,75,75,75,75,75,75,75,75,75,75,75,75,75,75,75,75,75,75,75,75,75,75,75,75,75,75,75,75,75,75,75,75,75,75,75,75,75,75,75,75,75,75,75,75,75,75,75,75,75,86,78,86,78,86,78,86,78,86,78,86,78,86,78,86,78,86,78,86,78,86,78,86,78,86,78,86,78,86,78,86,78,86,78,86,78,86,78,86,78,95,83,95,83,95,83,95,83,95,83,95,83,95,83,95,83,95,83,95,83,95,83,95,83,95,83,95,83,95,83,95,83,95,83,95,83,95,83,95,83,97,88,97,88,97,88,97,88,97,88,97,88,97,88,97,88,97,88,97,88,97,88,97,88,97,88,97,88,97,88,97,88,97,88,97,88,97,88,97,88,94,93,94,93,94,93,94,93,94,93,94,93,94,93,94,93,94,93,94,93,94,93,94,93,94,93,94,93,94,93,94,93,94,93,94,93,94,93,94,93,94,93,94,93,87,93,87,93,87,93,87,93,87,93,87,93,87,93,87,93,87,93,87,93,87,93,87,93,87,93,87,93,87,93,87,93,87,93,87,93,87,93,87,93,87,93,87,93,87,93,85,91,85,91,85,91,85,91,85,91,85,91,85,91
0,135.837-140.856,95,83,95,83,95,83,95,83,95,83,95,83,95,83,95,83,97,88,97,88,97,88,97,88,97,88,97,88,97,88,97,88,97,88,97,88,97,88,97,88,97,88,97,88,97,88,97,88,97,88,97,88,97,88,97,88,94,93,94,93,94,93,94,93,94,93,94,93,94,93,94,93,94,93,94,93,94,93,94,93,94,93,94,93,94,93,94,93,94,93,94,93,94,93,94,93,94,93,94,93,87,93,87,93,87,93,87,93,87,93,87,93,87,93,87,93,87,93,87,93,87,93,87,93,87,93,87,93,87,93,87,93,87,93,87,93,87,93,87,93,87,93,87,93,87,93,85,91,85,91,85,91,85,91,85,91,85,91,85,91,85,91,85,91,85,91,85,91,85,91,85,91,85,91,85,91,85,91,85,91,85,91,85,91,85,91,85,91,85,91,85,91,85,91,80,86,80,86,80,86,80,86,80,86,80,86,80,86,80,86,80,86,80,86,80,86,80,86,80,86,80,86,80,86,80,86,80,86,80,86,80,86,80,86,80,86,80,86,80,86,80,86,80,86,79,83,79,83,79,83,79,83,79,83,79,83,79,83,79,83,79,83,79,83,79,83,79,83,79,83,79,83,79,83,79,83,79,83,79,83,79,83,79,83,79,83,79,83,79,83,79,83,79,83,76,80,76,80,76,80,76,80,76,80,76,80,76,80,76,80,76,80,76,80,76,80,76,80,76,80
0,138.347-143.329,85,91,85,91,85,91,85,91,85,91,85,91,85,91,85,91,85,91,85,91,85,91,85,91,85,91,85,91,85,91,85,91,85,91,80,86,80,86,80,86,80,86,80,86,80,86,80,86,80,86,80,86,80,86,80,86,80,86,80,86,80,86,80,86,80,86,80,86,80,86,80,86,80,86,80,86,80,86,80,86,80,86,80,86,79,83,79,83,79,83,79,83,79,83,79,83,79,83,79,83,79,83,79,83,79,83,79,83,79,83,79,83,79,83,79,83,79,83,79,83,79,83,79,83,79,83,79,83,79,83,79,83,79,83,76,80,76,80,76,80,76,80,76,80,76,80,76,80,76,80,76,80,76,80,76,80,76,80,76,80,76,80,76,80,76,80,76,80,76,80,76,80,76,80,76,80,76,80,76,80,76,80,82,79,82,79,82,79,82,79,82,79,82,79,82,79,82,79,82,79,82,79,82,79,82,79,82,79,82,79,82,79,82,79,82,79,82,79,82,79,82,79,82,79,82,79,86,81,86,81,86,81,86,81,86,81,86,81,86,81,86,81,86,81,86,81,86,81,86,81,86,81,86,81,86,81,86,81,86,81,86,81,86,81,86,81,86,81,86,81,86,81,90,84,90,84,90,84,90,84,90,84,90,84,90,84,90,84,90,84,90,84,90,84,90,84,90,84,90,84,90,84,90,84,90,84,90,84,90,84,90,84,90,84,90,84,90,84,83,85
0,140.856-145.849,76,80,76,80,76,80,76,80,76,80,76,80,76,80,76,80,76,80,76,80,76,80,82,79,82,79,82,79,82,79,82,79,82,79,82,79,82,79,82,79,82,79,82,79,82,79,82,79,82,79,82,79,82,79,82,79,82,79,82,79,82,79,82,79,82,79,86,81,86,81,86,81,86,81,86,81,86,81,86,81,86,81,86,81,86,81,86,81,86,81,86,81,86,81,86,81,86,81,86,81,86,81,86,81,86,81,86,81,86,81,86,81,90,84,90,84,90,84,90,84,90,84,90,84,90,84,90,84,90,84,90,84,90,84,90,84,90,84,90,84,90,84,90,84,90,84,90,84,90,84,90,84,90,84,90,84,90,84,83,85,83,85,83,85,83,85,83,85,83,85,83,85,83,85,83,85,83,85,83,85,83,85,83,85,83,85,83,85,83,85,83,85,83,85,83,85,83,85,83,85,83,85,83,85,84,86,84,86,84,86,84,86,84,86,84,86,84,86,84,86,84,86,84,86,84,86,84,86,84,86,84,86,84,86,84,86,84,86,84,86,84,86,84,86,84,86,84,86,84,86,84,86,80,84,80,84,80,84,80,84,80,84,80,84,80,84,80,84,80,84,80,84,80,84,80,84,80,84,80,84,80,84,80,84,80,84,80,84,80,84,80,84,80,84,80,84,80,84,80,84,80,82,80,82,80,82,80,82,80,82,80,82,80,82,80,82,80,82,80,82
0,143.329-148.367,83,85,83,85,83,85,83,85,83,85,83,85,83,85,83,85,83,85,83,85,83,85,83,85,83,85,83,85,83,85,83,85,83,85,83,85,83,85,83,85,83,85,83,85,84,86,84,86,84,86,84,86,84,86,84,86,84,86,84,86,84,86,84,86,84,86,84,86,84,86,84,86,84,86,84,86,84,86,84,86,84,86,84,86,84,86,84,86,84,86,84,86,80,84,80,84,80,84,80,84,80,84,80,84,80,84,80,84,80,84,80,84,80,84,80,84,80,84,80,84,80,84,80,84,80,84,80,84,80,84,80,84,80,84,80,84,80,84,80,84,80,82,80,82,80,82,80,82,80,82,80,82,80,82,80,82,80,82,80,82,80,82,80,82,80,82,80,82,80,82,80,82,80,82,80,82,80,82,80,82,80,82,80,82,86,82,86,82,86,82,86,82,86,82,86,82,86,82,86,82,86,82,86,82,86,82,86,82,86,82,86,82,86,82,86,82,86,82,86,82,86,82,86,82,86,82,86,82,87,83,87,83,87,83,87,83,87,83,87,83,87,83,87,83,87,83,87,83,87,83,87,83,87,83,87,83,87,83,87,83,87,83,87,83,87,83,87,83,87,83,87,83,87,83,87,85,87,85,87,85,87,85,87,85,87,85,87,85,87,85,87,85,87,85,87,85,87,85,87,85,87,85,87,85,87,85,87,85,87,85,87,85,87,85,93,88,93,88,93,88
0,145.849-150.881,80,82,80,82,80,82,80,82,80,82,80,82,80,82,80,82,80,82,80,82,80,82,80,82,86,82,86,82,86,82,86,82,86,82,86,82,86,82,86,82,86,82,86,82,86,82,86,82,86,82,86,82,86,82,86,82,86,82,86,82,86,82,86,82,86,82,86,82,87,83,87,83,87,83,87,83,87,83,87,83,87,83,87,83,87,83,87,83,87,83,87,83,87,83,87,83,87,83,87,83,87,83,87,83,87,83,87,83,87,83,87,83,87,83,87,85,87,85,87,85,87,85,87,85,87,85,87,85,87,85,87,85,87,85,87,85,87,85,87,85,87,85,87,85,87,85,87,85,87,85,87,85,87,85,93,88,93,88,93,88,93,88,93,88,93,88,93,88,93,88,93,88,93,88,93,88,93,88,93,88,93,88,93,88,93,88,93,88,93,88,93,88,93,88,93,88,93,88,88,89,88,89,88,89,88,89,88,89,88,89,88,89,88,89,88,89,88,89,88,89,88,89,88,89,88,89,88,89,88,89,88,89,88,89,88,89,88,89,94,90,94,90,94,90,94,90,94,90,94,90,94,90,94,90,94,90,94,90,94,90,94,90,94,90,94,90,94,90,94,90,94,90,94,90,94,90,94,90,97,93,97,93,97,93,97,93,97,93,97,93,97,93,97,93,97,93,97,93,97,93,97,93,97,93,97,93,97,93,97,93,97,93,97,93,97,93,97,93,97,93
0,148.367-153.39,93,88,93,88,93,88,93,88,93,88,93,88,93,88,93,88,93,88,93,88,93,88,93,88,93,88,93,88,93,88,93,88,93,88,93,88,93,88,88,89,88,89,88,89,88,89,88,89,88,89,88,89,88,89,88,89,88,89,88,89,88,89,88,89,88,89,88,89,88,89,88,89,88,89,88,89,88,89,94,90,94,90,94,90,94,90,94,90,94,90,94,90,94,90,94,90,94,90,94,90,94,90,94,90,94,90,94,90,94,90,94,90,94,90,94,90,94,90,97,93,97,93,97,93,97,93,97,93,97,93,97,93,97,93,97,93,97,93,97,93,97,93,97,93,97,93,97,93,97,93,97,93,97,93,97,93,97,93,97,93,92,93,92,93,92,93,92,93,92,93,92,93,92,93,92,93,92,93,92,93,92,93,92,93,92,93,92,93,92,93,92,93,92,93,92,93,92,93,92,93,92,93,92,93,87,92,87,92,87,92,87,92,87,92,87,92,87,92,87,92,87,92,87,92,87,92,87,92,87,92,87,92,87,92,87,92,87,92,87,92,87,92,87,92,87,92,87,92,87,92,87,92,80,89,80,89,80,89,80,89,80,89,80,89,80,89,80,89,80,89,80,89,80,89,80,89,80,89,80,89,80,89,80,89,80,89,80,89,80,89,80,89,80,89,80,89,80,89,80,89,80,89,77,84,77,84,77,84,77,84,77,84,77,84,77,84,77,84,77,84
0,150.881-155.905,92,93,92,93,92,93,92,93,92,93,92,93,92,93,92,93,92,93,92,93,92,93,92,93,92,93,92,93,92,93,92,93,92,93,92,93,92,93,92,93,92,93,92,93,87,92,87,92,87,92,87,92,87,92,87,92,87,92,87,92,87,92,87,92,87,92,87,92,87,92,87,92,87,92,87,92,87,92,87,92,87,92,87,92,87,92,87,92,87,92,87,92,80,89,80,89,80,89,80,89,80,89,80,89,80,89,80,89,80,89,80,89,80,89,80,89,80,89,80,89,80,89,80,89,80,89,80,89,80,89,80,89,80,89,80,89,80,89,80,89,80,89,77,84,77,84,77,84,77,84,77,84,77,84,77,84,77,84,77,84,77,84,77,84,77,84,77,84,77,84,77,84,77,84,77,84,77,84,77,84,77,84,77,84,77,84,77,84,77,84,80,81,80,81,80,81,80,81,80,81,80,81,80,81,80,81,80,81,80,81,80,81,80,81,80,81,80,81,80,81,80,81,80,81,80,81,80,81,80,81,80,81,80,81,80,81,85,80,85,80,85,80,85,80,85,80,85,80,85,80,85,80,85,80,85,80,85,80,85,80,85,80,85,80,85,80,85,80,85,80,85,80,85,80,85,80,85,80,85,80,84,82,84,82,84,82,84,82,84,82,84,82,84,82,84,82,84,82,84,82,84,82,84,82,84,82,84,82,84,82,84,82,84,82,84,82,84,82,84,82
0,153.39-158.429,77,84,77,84,77,84,77,84,77,84,77,84,77,84,77,84,77,84,77,84,77,84,77,84,77,84,77,84,77,84,80,81,80,81,80,81,80,81,80,81,80,81,80,81,80,81,80,81,80,81,80,81,80,81,80,81,80,81,80,81,80,81,80,81,80,81,80,81,80,81,80,81,80,81,80,81,85,80,85,80,85,80,85,80,85,80,85,80,85,80,85,80,85,80,85,80,85,80,85,80,85,80,85,80,85,80,85,80,85,80,85,80,85,80,85,80,85,80,85,80,84,82,84,82,84,82,84,82,84,82,84,82,84,82,84,82,84,82,84,82,84,82,84,82,84,82,84,82,84,82,84,82,84,82,84,82,84,82,84,82,84,82,84,82,84,82,84,82,82,83,82,83,82,83,82,83,82,83,82,83,82,83,82,83,82,83,82,83,82,83,82,83,82,83,82,83,82,83,82,83,82,83,82,83,82,83,82,83,82,83,82,83,88,85,88,85,88,85,88,85,88,85,88,85,88,85,88,85,88,85,88,85,88,85,88,85,88,85,88,85,88,85,88,85,88,85,88,85,88,85,103,89,103,89,103,89,103,89,103,89,103,89,103,89,103,89,103,89,103,89,103,89,103,89,103,89,103,89,103,89,103,89,103,89,110,96,110,96,110,96,110,96,110,96,110,96,110,96,110,96,110,96,110,96,110,96,110,96,110,96,110,96,110,96,110,96,110,96,113,104
1,155.905-160.958,84,82,84,82,84,82,84,82,82,83,82,83,82,83,82,83,82,83,82,83,82,83,82,83,82,83,82,83,82,83,82,83,82,83,82,83,82,83,82,83,82,83,82,83,82,83,82,83,82,83,82,83,88,85,88,85,88,85,88,85,88,85,88,85,88,85,88,85,88,85,88,85,88,85,88,85,88,85,88,85,88,85,88,85,88,85,88,85,88,85,103,89,103,89,103,89,103,89,103,89,103,89,103,89,103,89,103,89,103,89,103,89,103,89,103,89,103,89,103,89,103,89,103,89,110,96,110,96,110,96,110,96,110,96,110,96,110,96,110,96,110,96,110,96,110,96,110,96,110,96,110,96,110,96,110,96,110,96,113,104,113,104,113,104,113,104,113,104,113,104,113,104,113,104,113,104,113,104,113,104,113,104,113,104,113,104,113,104,113,104,113,104,107,108,107,108,107,108,107,108,107,108,107,108,107,108,107,108,107,108,107,108,107,108,107,108,107,108,107,108,107,108,107,108,107,108,107,108,107,108,102,108,102,108,102,108,102,108,102,108,102,108,102,108,102,108,102,108,102,108,102,108,102,108,102,108,102,108,102,108,102,108,102,108,102,108,102,108,102,108,97,105,97,105,97,105,97,105,97,105,97,105,97,105,97,105,97,105,97,105,97,105,97,105,97,105,97,105,97,105,97,105,97,105,97,105,97,105,97,105,98,101,98,101,98,101,98,101,98,101
1,158.429-163.473,113,104,113,104,113,104,113,104,113,104,113,104,113,104,113,104,113,104,113,104,113,104,113,104,113,104,113,104,113,104,113,104,107,108,107,108,107,108,107,108,107,108,107,108,107,108,107,108,107,108,107,108,107,108,107,108,107,108,107,108,107,108,107,108,107,108,107,108,107,108,102,108,102,108,102,108,102,108,102,108,102,108,102,108,102,108,102,108,102,108,102,108,102,108,102,108,102,108,102,108,102,108,102,108,102,108,102,108,102,108,97,105,97,105,97,105,97,105,97,105,97,105,97,105,97,105,97,105,97,105,97,105,97,105,97,105,97,105,97,105,97,105,97,105,97,105,97,105,97,105,98,101,98,101,98,101,98,101,98,101,98,101,98,101,98,101,98,101,98,101,98,101,98,101,98,101,98,101,98,101,98,101,98,101,108,101,108,101,108,101,108,101,108,101,108,101,108,101,108,101,108,101,108,101,108,101,108,101,108,101,108,101,108,101,108,101,108,101,111,104,111,104,111,104,111,104,111,104,111,104,111,104,111,104,111,104,111,104,111,104,111,104,111,104,111,104,111,104,111,104,111,104,111,104,110,107,110,107,110,107,110,107,110,107,110,107,110,107,110,107,110,107,110,107,110,107,110,107,110,107,110,107,110,107,110,107,110,107,110,107,107,109,107,109,107,109,107,109,107,109,107,109,107,109,107,109,107,109,107,109,107,109,107,109,107,109,107,109,107,109
0,160.958-165.998,98,101,98,101,98,101,98,101,98,101,98,101,98,101,98,101,98,101,98,101,98,101,98,101,108,101,108,101,108,101,108,101,108,101,108,101,108,101,108,101,108,101,108,101,108,101,108,101,108,101,108,101,108,101,108,101,108,101,111,104,111,104,111,104,111,104,111,104,111,104,111,104,111,104,111,104,111,104,111,104,111,104,111,104,111,104,111,104,111,104,111,104,111,104,110,107,110,107,110,107,110,107,110,107,110,107,110,107,110,107,110,107,110,107,110,107,110,107,110,107,110,107,110,107,110,107,110,107,110,107,107,109,107,109,107,109,107,109,107,109,107,109,107,109,107,109,107,109,107,109,107,109,107,109,107,109,107,109,107,109,107,109,107,109,107,109,107,109,102,108,102,108,102,108,102,108,102,108,102,108,102,108,102,108,102,108,102,108,102,108,102,108,102,108,102,108,102,108,102,108,102,108,102,108,102,108,102,108,95,104,95,104,95,104,95,104,95,104,95,104,95,104,95,104,95,104,95,104,95,104,95,104,95,104,95,104,95,104,95,104,95,104,95,104,95,104,95,104,95,104,91,99,91,99,91,99,91,99,91,99,91,99,91,99,91,99,91,99,91,99,91,99,91,99,91,99,91,99,91,99,91,99,91,99,91,99,91,99,91,99,91,99,90,94,90,94,90,94,90,94,90,94,90,94,90,94,90,94,90,94,90,94,90,94,90,94,90,94,90,94
0,163.473-168.503,107,109,107,109,107,109,107,109,102,108,102,108,102,108,102,108,102,108,102,108,102,108,102,108,102,108,102,108,102,108,102,108,102,108,102,108,102,108,102,108,102,108,102,108,102,108,102,108,95,104,95,104,95,104,95,104,95,104,95,104,95,104,95,104,95,104,95,104,95,104,95,104,95,104,95,104,95,104,95,104,95,104,95,104,95,104,95,104,95,104,91,99,91,99,91,99,91,99,91,99,91,99,91,99,91,99,91,99,91,99,91,99,91,99,91,99,91,99,91,99,91,99,91,99,91,99,91,99,91,99,91,99,90,94,90,94,90,94,90,94,90,94,90,94,90,94,90,94,90,94,90,94,90,94,90,94,90,94,90,94,90,94,90,94,90,94,90,94,90,94,90,94,90,94,93,92,93,92,93,92,93,92,93,92,93,92,93,92,93,92,93,92,93,92,93,92,93,92,93,92,93,92,93,92,93,92,93,92,93,92,93,92,93,92,94,92,94,92,94,92,94,92,94,92,94,92,94,92,94,92,94,92,94,92,94,92,94,92,94,92,94,92,94,92,94,92,94,92,94,92,94,92,103,95,103,95,103,95,103,95,103,95,103,95,103,95,103,95,103,95,103,95,103,95,103,95,103,95,103,95,103,95,103,95,103,95,103,95,103,95,104,98,104,98,104,98,104,98,104,98,104,98,104,98,104,98,104,98,104,98,104,98,104,98,104,98,104,98,104,98
0,165.998-171.108,90,94,90,94,90,94,90,94,90,94,90,94,90,94,93,92,93,92,93,92,93,92,93,92,93,92,93,92,93,92,93,92,93,92,93,92,93,92,93,92,93,92,93,92,93,92,93,92,93,92,93,92,93,92,94,92,94,92,94,92,94,92,94,92,94,92,94,92,94,92,94,92,94,92,94,92,94,92,94,92,94,92,94,92,94,92,94,92,94,92,94,92,103,95,103,95,103,95,103,95,103,95,103,95,103,95,103,95,103,95,103,95,103,95,103,95,103,95,103,95,103,95,103,95,103,95,103,95,103,95,104,98,104,98,104,98,104,98,104,98,104,98,104,98,104,98,104,98,104,98,104,98,104,98,104,98,104,98,104,98,104,98,104,98,109,102,109,102,109,102,109,102,109,102,109,102,109,102,109,102,109,102,109,102,109,102,109,102,109,102,109,102,109,102,109,102,109,102,109,102,107,106,107,106,107,106,107,106,107,106,107,106,107,106,107,106,107,106,107,106,107,106,107,106,107,106,107,106,107,106,107,106,107,106,107,106,107,106,107,106,96,104,96,104,96,104,96,104,96,104,96,104,96,104,96,104,96,104,96,104,96,104,96,104,96,104,96,104,96,104,96,104,96,104,96,104,96,104,90,100,90,100,90,100,90,100,90,100,90,100,90,100,90,100,90,100,90,100,90,100,90,100,90,100,90,100,90,100,90,100,90,100,90,100,90,100,90,100,90,100
0,168.503-173.605,104,98,104,98,109,102,109,102,109,102,109,102,109,102,109,102,109,102,109,102,109,102,109,102,109,102,109,102,109,102,109,102,109,102,109,102,109,102,109,102,107,106,107,106,107,106,107,106,107,106,107,106,107,106,107,106,107,106,107,106,107,106,107,106,107,106,107,106,107,106,107,106,107,106,107,106,107,106,107,106,96,104,96,104,96,104,96,104,96,104,96,104,96,104,96,104,96,104,96,104,96,104,96,104,96,104,96,104,96,104,96,104,96,104,96,104,96,104,90,100,90,100,90,100,90,100,90,100,90,100,90,100,90,100,90,100,90,100,90,100,90,100,90,100,90,100,90,100,90,100,90,100,90,100,90,100,90,100,90,100,90,100,90,100,90,100,81,94,81,94,81,94,81,94,81,94,81,94,81,94,81,94,81,94,81,94,81,94,81,94,81,94,81,94,81,94,81,94,81,94,81,94,81,94,81,94,81,94,81,94,81,94,81,94,81,94,81,94,81,94,81,94,81,94,66,83,66,83,66,83,66,83,66,83,66,83,66,83,66,83,66,83,66,83,66,83,66,83,66,83,66,83,66,83,66,83,66,83,66,83,66,83,66,83,66,83,66,83,66,83,66,83,66,83,66,83,66,83,66,83,66,83,66,83,66,83,66,83,61,74,61,74,61,74,61,74,61,74,61,74,61,74,61,74,61,74,61,74,61,74,61,74,61,74,61,74,61,74,61,74
0,171.108-176.119,90,100,90,100,90,100,81,94,81,94,81,94,81,94,81,94,81,94,81,94,81,94,81,94,81,94,81,94,81,94,81,94,81,94,81,94,81,94,81,94,81,94,81,94,81,94,81,94,81,94,81,94,81,94,81,94,81,94,81,94,81,94,81,94,66,83,66,83,66,83,66,83,66,83,66,83,66,83,66,83,66,83,66,83,66,83,66,83,66,83,66,83,66,83,66,83,66,83,66,83,66,83,66,83,66,83,66,83,66,83,66,83,66,83,66,83,66,83,66,83,66,83,66,83,66,83,66,83,61,74,61,74,61,74,61,74,61,74,61,74,61,74,61,74,61,74,61,74,61,74,61,74,61,74,61,74,61,74,61,74,61,74,61,74,61,74,61,74,61,74,61,74,61,74,61,74,61,74,61,74,61,74,61,74,61,74,61,74,61,74,63,68,63,68,63,68,63,68,63,68,63,68,63,68,63,68,63,68,63,68,63,68,63,68,63,68,63,68,63,68,63,68,63,68,63,68,63,68,63,68,63,68,63,68,63,68,63,68,63,68,63,68,63,68,63,68,63,68,63,68,64,64,64,64,64,64,64,64,64,64,64,64,64,64,64,64,64,64,64,64,64,64,64,64,64,64,64,64,64,64,64,64,64,64,64,64,64,64,64,64,64,64,64,64,64,64,64,64,64,64,64,64,64,64,64,64,64,64,65,63,65,63,65,63,65,63,65,63,65,63
